last_name,first_name,phone_number
Coveney,Dyanna,7-(309)809-4621
Janaway,Loni,86-(193)354-1823
Auton,Ivonne,33-(941)407-3664
Pilipets,Scarlet,98-(595)316-4026
Gentner,Claiborn,48-(389)677-4787
Restall,Mattheus,507-(773)314-0872
Chicchelli,Rip,86-(616)466-0670
Wapplington,Gustaf,420-(262)959-2340
Cleugh,Lory,55-(698)750-5477
Rennebeck,Shannah,86-(893)466-2100
Frunks,Osbourne,86-(544)913-0984
Marzelli,Bradley,46-(141)918-7404
Forrester,Guinevere,1-(856)723-6999
Costard,Derrick,33-(922)683-1015
Spenley,Felicia,251-(814)481-9760
Surcomb,Lin,86-(367)978-7163
Levesque,Conrade,86-(433)836-3298
Traill,Rosalia,358-(633)877-3545
Dubock,Fianna,380-(410)116-4015
Seymour,Alexis,30-(277)255-1532
Snufflebottom,Rosabel,86-(117)800-5987
Impson,Connor,86-(445)700-3953
Murkus,Marissa,55-(971)441-1156
Vasilchenko,Tobey,86-(764)669-2488
Kynston,Randall,86-(259)956-8206
Tremonte,Oriana,86-(131)150-5748
Duckfield,Caty,55-(202)142-9154
Rankcom,Bord,380-(217)902-3751
Halpin,Wini,55-(920)483-5709
Karel,Mirabella,58-(614)269-9380
McMichael,Calley,7-(861)767-3949
Blunn,Meier,62-(314)322-3515
Steels,Hyacinthie,86-(353)755-8688
Scrivens,Felita,30-(196)581-2708
Whitney,Audi,1-(903)339-6658
Dimont,Susette,33-(280)686-8111
Clapperton,Dion,251-(651)744-8829
Jentle,Konstantine,1-(971)195-0572
Tipens,Stanford,507-(689)943-3325
Sexti,Gabriel,420-(518)770-3850
Van Dale,Juieta,55-(675)137-2111
Candey,Luise,62-(967)248-9495
Lechelle,Brigitta,380-(976)653-3279
Landre,Edyth,86-(527)304-7343
Kimblen,Currey,53-(280)372-9834
Stienham,Ches,63-(975)481-6281
Fairbrother,Betti,48-(722)687-3394
Brundrett,Nessie,81-(667)958-7140
Fourmy,Judye,63-(495)248-3767
Fossett,Adolphe,86-(733)480-6072
Relf,Georges,355-(640)950-6480
Van der Kruys,Reginald,94-(158)518-3347
Malling,Gregoor,33-(222)642-3939
Joe,Heall,34-(414)480-4155
Crock,Sherie,86-(549)546-6103
Crates,Sigismondo,380-(627)379-1395
Bolding,Tedman,55-(630)834-3347
Yes,Torrey,1-(762)645-2339
Mapstone,Jessie,420-(484)285-5379
Ortell,Dottie,33-(805)421-1881
Liddiard,Dennet,86-(391)339-0398
Colbrun,Morry,33-(740)237-7788
Graal,Garth,55-(312)793-7267
Keyse,Lauralee,62-(826)862-6612
Cassels,Daile,63-(337)803-4291
Weerdenburg,Neal,56-(723)949-0774
Perdue,Troy,358-(871)691-3792
Yendle,Simona,375-(612)461-3449
Milesap,Tiffy,54-(105)673-2674
Iffe,Odetta,46-(840)278-2732
Smurfit,Vidovik,46-(903)923-5360
Over,Rebekah,57-(449)155-4609
Sedgebeer,Naoma,63-(639)126-9853
Borges,Tamara,86-(391)210-4533
Airy,Tobi,86-(538)387-3819
Ohlsen,Curran,86-(794)828-0555
Pugh,Kiel,98-(204)886-1608
Sprade,Joete,62-(842)476-9515
Bracknall,Pammi,56-(231)492-8141
Verdun,Ellette,86-(382)167-4550
Theuff,Templeton,46-(840)997-2410
Dobinson,Sallee,62-(841)317-2303
Leinweber,Lance,55-(486)159-7804
Ciric,Fawn,63-(486)982-7891
De Gregoli,Randi,505-(249)660-0361
Faulkner,Chen,30-(514)230-6063
Sybe,Titus,86-(256)773-6936
Rhys,Lyndsey,86-(358)957-2034
Stennett,Robinette,7-(599)665-4249
Gronav,Dillie,33-(763)779-3918
Tyne,Delmor,977-(249)652-8391
Coo,Hetti,55-(175)154-6971
Emblow,Chadd,965-(532)301-1685
Keppie,Osborne,62-(527)277-1810
Towsey,Barrett,86-(362)648-9712
Ralfe,Glynnis,86-(470)313-5301
Secretan,Lenka,86-(999)922-0907
Barizeret,Laura,33-(719)870-3577
Fink,Betsey,86-(669)775-1943
Olivari,Madelyn,86-(111)924-4429
Briggs,Karolina,1-(561)103-7206
Opdenort,Asa,351-(991)469-2168
Deehan,Barris,66-(946)337-8265
Noore,Philly,234-(766)916-7339
Gunny,Constantino,63-(978)327-9173
MacPherson,Mollie,60-(386)530-6072
Spira,Fanya,1-(881)453-3138
Johansson,Benedicto,66-(465)376-9589
Hainge,Henri,1-(804)845-9457
Beldum,Delaney,20-(685)461-8271
Brogini,Dewie,52-(473)723-8223
Clemo,Nelli,420-(848)164-3883
Bandiera,John,86-(730)613-5338
Blaker,Mariquilla,381-(395)544-9122
Whild,Cati,591-(337)235-6832
Prozillo,Gabbi,86-(858)815-4870
Ricketts,Jarad,84-(128)276-1227
O'Sheeryne,Isador,86-(455)618-5273
Dougher,Chev,66-(415)496-4377
Shackle,Connie,1-(415)308-3414
Ogley,Bibby,506-(918)157-7704
Brookz,Madella,7-(712)549-9596
Duguid,Kathye,62-(805)165-7012
Iddiens,Marti,51-(981)905-0481
Studdeard,Ogdon,82-(105)216-2210
Polden,Jory,52-(109)171-7975
Morsey,Jennilee,1-(202)201-8262
Marriott,Bonnee,86-(383)416-6392
Louth,My,60-(542)872-9442
Bollum,Leighton,62-(927)683-0735
Sotworth,Kriste,963-(870)173-4521
Meardon,Korrie,351-(238)830-8422
Thew,Reggy,46-(142)671-6518
Woolatt,Tara,86-(458)132-3670
Dowman,Nerty,86-(723)369-2279
Clemow,Egan,7-(265)827-4978
Rosenbusch,Turner,351-(239)214-8783
MacCoveney,Saunderson,880-(493)279-5086
Herries,Sigismundo,7-(211)859-9586
Matushevich,Jacquetta,86-(727)679-9099
McKennan,Hanni,86-(362)980-4445
Smithson,Zerk,55-(806)161-8635
Andrelli,Corilla,62-(862)760-6182
Gurnay,Dario,420-(808)786-7527
Lias,Fulvia,242-(103)522-2532
Wiltshear,Stearne,370-(123)166-6023
Ionesco,Tildie,233-(923)683-6295
Bucknell,Marlena,48-(390)106-1229
Laible,Findlay,55-(376)703-1132
De Luna,Willa,86-(323)784-5580
Huish,Kamila,33-(850)780-6394
Wickwarth,Myrtice,55-(380)239-2305
Mattack,Dorris,351-(937)371-3502
Rudkin,Arlina,62-(407)206-1059
Pegden,Owen,86-(298)378-9717
Golden,Pepillo,380-(326)369-6492
Levecque,Cathrin,62-(658)876-2347
Dalbey,Clark,55-(861)808-1895
Duckett,Gale,86-(932)452-6143
Storch,Lindsy,20-(694)445-2758
Kerrod,Nadiya,54-(970)809-6067
Arch,Merrilee,86-(468)603-9195
Broggini,Markus,86-(886)155-4500
Coultar,Raimund,33-(928)238-3095
Mirfin,Ronnie,62-(710)626-1872
Palfreeman,Chrissie,1-(402)827-3266
Flahy,Alden,420-(704)430-2896
Persian,Inez,33-(246)816-0014
Khosa,Hobie,381-(491)514-9517
Peaseman,Ulrick,55-(605)350-5805
Button,Nester,62-(342)374-8666
Andreas,Adena,33-(668)666-9925
Lanchester,Ruthy,66-(158)611-2723
Easum,Pancho,55-(897)486-6495
Goodrick,Winni,86-(579)790-3789
Cribbins,Ellissa,375-(208)738-9269
Sacker,Dara,33-(438)383-8011
Kapelhof,Angel,33-(746)651-6538
Flippen,Winona,63-(300)798-0166
Vanyukov,Danie,420-(517)742-0328
Fliege,Olivie,86-(422)656-6326
Ballingal,Kenton,86-(849)523-4643
Skirving,Elke,420-(183)144-9291
Lackmann,Daphne,62-(733)994-3615
Lechmere,Durward,380-(811)275-9118
Grimstead,Chelsy,86-(937)710-0894
Mundy,Stoddard,86-(280)190-1797
Nestoruk,Greta,357-(145)684-6203
Babin,Jennette,62-(522)744-6514
Arno,Mata,386-(412)857-6399
Pock,Gerrard,54-(834)815-9426
Sharer,Dode,30-(182)358-4093
Brideoke,Sibel,56-(855)205-5263
Bramham,Gerardo,86-(796)629-4797
Kidney,Theodosia,86-(951)703-6944
Karlik,Margarette,62-(503)551-0610
Haccleton,Aubrette,86-(830)724-5446
Saiz,Danya,7-(995)729-6791
Hardwich,Benedicta,54-(805)156-7558
Vost,Jeniffer,230-(774)440-6249
Prator,Frederik,93-(932)843-5168
Dellit,Eugenius,963-(473)409-4480
Matus,Mollie,48-(728)601-8536
Musgrave,Nollie,98-(428)205-5317
Broad,Anabal,420-(813)322-7416
Paskerful,Currey,7-(363)141-3992
Melarkey,Gretta,63-(945)193-1246
Kropp,Howey,1-(305)266-6788
Millan,Bette-ann,62-(579)396-6154
Anderson,Maybelle,55-(434)734-3724
Santen,Lara,86-(731)999-7812
Bendin,Rufus,48-(599)470-9453
Fumagalli,Derry,380-(926)292-6938
Sedger,Simonette,63-(520)783-1993
Stegers,Jaynell,351-(909)329-4530
Mirralls,Aime,55-(921)550-8632
Schonfeld,Bendite,55-(705)503-5838
Sweating,Miles,62-(366)326-1243
Weight,Welby,51-(975)690-6472
Sargeaunt,Kelvin,1-(737)793-8824
Jeavon,Lena,55-(145)514-1471
Clague,Reynolds,86-(735)988-3739
Westbury,Donal,84-(432)810-8379
Bolmann,Murdock,385-(778)970-1114
Rattray,Tucky,33-(931)697-7120
Meus,Sandy,1-(666)902-6147
Garnham,Monroe,1-(502)633-8330
Osboldstone,Alleen,86-(159)289-1260
Bravington,Merrill,504-(891)110-3167
Thomason,Jaymie,30-(487)711-9279
Kleyn,Natividad,47-(950)347-3718
Bysh,Radcliffe,86-(954)977-7777
Arndell,Sander,30-(180)615-5711
Rois,Flss,86-(835)418-7725
Mc Giffin,Venus,57-(210)506-4276
Crossby,Paul,55-(328)343-2497
Harradence,Lyn,852-(926)889-6855
Pettingall,Gayel,86-(238)544-0161
Jekyll,Galina,62-(257)947-3864
Ducastel,Bliss,505-(906)256-9678
Hugk,North,7-(885)351-1207
Rainer,Jen,86-(382)933-2281
Shaefer,Isacco,685-(442)472-6618
Jahan,Aili,593-(952)443-0661
Tarney,Jemmy,1-(979)683-7689
Sergean,Hugh,63-(434)198-4171
Lapish,Danyette,63-(652)858-2697
Ackers,Wittie,81-(995)780-6687
Whittingham,Tamas,380-(635)471-8799
Bouldon,Neile,86-(336)815-6367
Livock,Randee,55-(639)442-6219
Shanks,Tyrus,86-(394)626-6993
Freestone,Lucas,86-(885)268-8539
Eggerton,Deny,380-(988)728-1888
Dameisele,Koo,57-(219)523-0894
Tullot,Ruth,51-(248)705-8605
Churches,Warren,255-(639)622-6576
Hurst,Wolfgang,375-(355)188-1851
McGeaney,Gavin,63-(986)508-1728
Frankcom,Zaria,264-(462)394-0137
Presslee,Homere,48-(618)366-2061
Courtes,Faydra,240-(951)863-4371
Bariball,Dickie,46-(202)789-7904
Haydon,Nana,51-(505)357-6935
Licciardello,Corinna,387-(455)615-8202
Bentick,Bealle,57-(756)513-3568
Denzey,Issy,376-(492)946-0271
Dobbing,Archibold,81-(181)419-2685
Adolfsen,Ardra,48-(176)550-8175
Coushe,Grayce,62-(174)338-4034
Rozenbaum,Antonio,62-(199)572-5682
Allwood,Nerita,86-(138)400-6011
Narbett,Susette,62-(644)940-4319
Saffle,Blondie,63-(302)841-4570
Dell'Abbate,Hermie,46-(748)468-9693
Thaxton,Alex,385-(224)160-2491
Tregensoe,Lindie,1-(217)423-3778
Occleshaw,Konstance,93-(202)160-8054
Quarrell,Blancha,7-(962)548-9341
Baynom,Vivian,33-(823)653-2048
Finby,Joycelin,380-(374)397-2565
Casterot,Garv,62-(957)527-7675
Southern,Devland,1-(502)355-9031
Dodgshon,Cindra,60-(926)149-0049
Rustman,Celina,57-(222)790-6392
Mandal,Tibold,62-(769)489-8511
De Domenici,Astrix,595-(342)158-4539
Dmych,Fiann,33-(454)800-8919
Caillou,Chan,62-(270)294-1022
Lessmare,Korney,976-(774)539-5156
Piddick,Mic,57-(263)474-6011
Annell,Debee,31-(124)505-8973
Clacson,Minnaminnie,86-(671)898-9110
Bodocs,Hettie,880-(539)978-9153
Duncanson,Laird,86-(329)671-1098
Simonson,Carrol,46-(500)699-9880
Etuck,Steven,252-(227)810-2818
O'Heaney,Stormie,998-(260)171-2403
Veltmann,Margaret,351-(359)242-3377
Lavers,Catherin,55-(684)742-3757
Sheering,Nev,84-(793)417-1454
Loudyan,Merl,7-(891)430-7745
Arnaudet,Abbe,595-(266)389-1341
Hinks,Seymour,62-(447)373-0584
Paddington,Trueman,55-(775)357-8992
Santry,Uri,63-(832)164-5604
O' Timony,Kipp,86-(458)703-5150
Gate,Carolynn,81-(877)828-8045
Liverock,Felice,7-(401)944-1944
Horsey,Paolina,62-(733)756-9083
Rubinlicht,Brockie,86-(422)326-4265
McCook,Nil,7-(473)102-1641
Latham,Karleen,351-(498)342-0200
Doughtery,Von,62-(184)670-5157
Goosnell,Veronique,7-(840)786-1342
Dysert,Cordelie,506-(675)362-7652
Camillo,Dinah,502-(161)952-5170
Voisey,Kelbee,66-(476)323-9905
Babbidge,Margarethe,55-(596)981-4156
Medmore,Rebekah,967-(491)725-9540
MacCurlye,Brant,81-(730)984-7916
Youngman,Tomkin,598-(371)546-7522
Antonetti,Lind,55-(330)912-9881
Hanhard,Devland,46-(423)769-9806
McClunaghan,Aguie,86-(745)268-0030
Varns,Noelyn,51-(967)556-3727
Dobinson,Gertie,60-(386)366-7892
Gildroy,Tuckie,86-(264)315-4542
Bidgod,Trish,86-(192)101-8488
Rodda,Fernandina,60-(264)521-2398
Thow,Morly,1-(336)175-1258
Frome,Brose,86-(236)654-3886
O'Flannery,Eugenie,55-(333)926-4024
Puckey,Bil,98-(886)198-1364
Destouche,Arabela,48-(944)728-1187
Pottie,Fanya,48-(933)971-9517
Mariyushkin,Lorenzo,55-(575)478-8872
Tattam,Sargent,57-(866)940-2168
Faltskog,Ali,7-(530)384-3153
Eslie,Kermit,86-(960)628-1886
O' Mullane,Robbi,1-(996)149-0930
Reen,Woodrow,62-(710)498-6005
Lehrmann,Grannie,234-(837)931-9441
Grassot,Eba,39-(111)552-9041
Thying,Budd,48-(708)876-6036
Koles,Drusi,46-(329)201-4432
Shuxsmith,Bartholomeus,7-(664)988-4168
Eggleson,Lanny,86-(463)121-8086
Reichartz,Dick,503-(211)951-4425
Kewzick,Lancelot,62-(560)164-8570
Calendar,Ramon,86-(117)935-7694
Letty,Gaelan,351-(743)131-0168
Row,Shirleen,62-(405)755-0050
Yurygyn,Jacenta,46-(811)959-6034
Ramsdale,Kinnie,258-(452)840-2560
Hardison,Timofei,86-(689)694-7498
Cogdell,Kimball,63-(580)214-2448
Markushkin,Korella,62-(796)278-3024
Towlson,Piper,81-(692)917-8610
Alennikov,Web,1-(360)913-6528
Zollner,Ninetta,86-(121)694-5994
Van Zon,Jemie,7-(727)812-6811
Vigietti,West,248-(556)709-0597
Humbatch,Jillayne,62-(402)918-6359
Peterken,Kippy,66-(322)784-0995
Hansard,Jody,49-(552)668-7725
Fillis,Earvin,62-(975)413-0561
Kencott,Leonidas,880-(130)874-3481
Stoggles,Elliot,86-(785)567-0970
Bootes,Madelina,298-(762)265-1157
Johnson,Roberto,52-(623)442-6070
Pirrone,Kelley,54-(859)946-9866
Leverich,Lauree,86-(573)196-4412
Simonitto,Tracy,27-(673)267-1510
Van den Dael,Pearle,374-(252)642-4607
Luna,Ozzie,62-(994)538-0452
Crewes,Hillyer,31-(881)315-2378
Faich,Phip,62-(994)141-2187
Prozillo,Kerianne,7-(559)668-6832
Bellsham,Jessie,86-(872)134-5366
Heikkinen,Sarita,260-(162)387-3972
Chattell,Maxy,86-(247)501-7990
Glendza,Madelena,62-(694)159-9366
Dockray,Georgi,54-(651)533-6688
Geraldi,Aileen,220-(631)570-4000
Cowlas,Brandyn,48-(972)312-3026
Crilly,Chrystal,62-(253)645-6296
MacCollom,Morrie,86-(141)916-1073
Ipsly,Gayler,380-(125)503-7507
Seyffert,Stoddard,381-(984)497-6102
Masham,Sarita,962-(329)850-8444
Rothert,Shepherd,385-(744)187-1049
Dewsnap,Marylou,55-(565)621-5192
Paullin,Hedy,7-(863)519-4921
Anthon,Nerti,86-(703)846-0466
Jeckells,Rachael,62-(877)435-6739
Tocque,Atalanta,212-(658)651-9544
Richen,Benson,505-(297)101-9737
Olechnowicz,Randie,46-(270)531-9518
Moyse,Garrott,52-(562)819-4644
Stair,Darla,62-(555)359-6769
Crucitti,Jamison,33-(817)346-0746
Assur,Dido,86-(191)385-0447
Heinreich,Lion,86-(262)898-3625
Eisikowitz,Morley,351-(361)895-4589
Curbishley,Pietrek,49-(482)744-0765
Condict,Cristionna,963-(192)471-8465
Bridger,Aeriela,46-(252)970-3235
Burhill,Karly,86-(492)486-5574
Mancell,Papageno,62-(464)438-6605
Sybe,Dewey,63-(119)918-6500
Harniman,Nickolas,1-(309)381-9364
Berrey,Flossy,380-(885)510-4368
Fahy,Findley,387-(551)538-5046
Algate,Babs,66-(904)668-1122
Innman,Dale,55-(570)392-2148
Lysaght,Crichton,46-(476)866-6862
Whight,Lyman,62-(965)127-8252
Giffen,Myra,62-(641)672-6063
Kedwell,Shirley,86-(453)432-6699
Robjohns,Gael,351-(920)113-5309
Pinchback,Callean,221-(339)996-0164
Ambrosoni,Shaylynn,352-(131)486-9238
Innman,Bradley,57-(161)714-9399
Stanhope,Iain,86-(681)390-2362
Gayforth,Cyrillus,63-(250)133-6086
Feldmus,Lorinda,86-(950)504-2365
Blackledge,Rosanne,86-(528)914-2684
Chaudhry,Harcourt,48-(579)424-7625
Hullins,Teodora,84-(968)952-3891
Flatman,Fabio,7-(871)142-1627
Raisbeck,Jeth,57-(404)948-9999
Ambresin,Danyelle,55-(664)900-7923
Le - Count,Christiano,63-(209)318-6220
Hoggins,Lisetta,1-(814)813-4976
MacAlester,Adara,258-(541)577-7782
Doumerque,Aubrey,375-(943)686-6126
Cortese,Kym,218-(612)297-3972
Beckensall,Celestina,7-(934)453-2575
Creenan,Sheela,261-(485)812-2024
Stubbington,Candace,47-(799)107-5073
Falkinder,Woodrow,86-(742)658-5432
Roswarn,Elaina,33-(387)103-1338
Coghlin,Gilemette,86-(907)789-7492
Couvet,Lewes,593-(310)209-3014
Beetlestone,Hamish,381-(717)639-4762
Snare,Catriona,62-(154)514-5110
Moseby,Sheryl,7-(739)792-6340
Lauderdale,Goldi,1-(857)488-1598
Bullick,Adriane,55-(192)133-6762
Angear,Jessi,86-(552)633-1642
Delgardo,Donny,63-(460)524-0746
Hunnicutt,Bette,86-(586)857-8173
Barradell,Jacky,62-(688)237-8478
Haythorn,Amandie,7-(993)487-2807
Sirrell,Talia,248-(458)704-2578
Gettings,Fabiano,86-(955)818-7918
Viles,Kinna,51-(764)100-9011
Tiesman,Yurik,63-(774)685-1882
Rawsthorne,Tiena,62-(878)875-4625
Garvagh,Anabal,380-(909)927-6412
Deignan,Jacquenetta,33-(209)507-7362
Bachelar,Chrystal,381-(853)301-6207
Ledgeway,Hedwig,33-(680)893-2418
Dower,Darla,86-(902)218-3902
Stuchburie,Esta,86-(525)178-6122
Hallewell,Westbrook,86-(172)720-8550
Asbury,Dukie,63-(373)807-3594
Naile,Amerigo,86-(875)547-7253
Rodmell,Star,86-(715)646-5217
Sayers,Cross,36-(980)362-2587
Bunn,Bobina,385-(304)311-9091
Baldetti,Hanni,591-(856)994-7961
Calyton,Madge,237-(788)482-4122
Ingreda,Blanch,86-(895)708-2948
Immings,Milty,49-(132)278-2881
Jacobbe,Libby,86-(934)926-7743
Dailly,Aliza,62-(602)642-6155
Bawdon,Lindsey,1-(244)617-6386
Watford,Darla,86-(566)867-9533
Blaycock,Ailis,33-(561)850-5415
Laffan,Rochester,505-(644)532-0812
Grafhom,Oralia,355-(949)337-0224
Hartfleet,Mel,63-(827)629-0325
Waddilove,Clyde,370-(678)921-4806
Gadie,Cobbie,7-(517)473-6695
MacAllan,Wenda,62-(757)757-0673
Detloff,Romonda,62-(456)171-7246
Parkyns,Suzanne,57-(727)779-4588
Wewell,Nehemiah,62-(379)134-4061
Fowlestone,Beale,55-(543)802-6129
Rosensaft,Fitzgerald,420-(127)369-9141
Dowers,Dorie,351-(356)205-4143
Sharnock,Briney,46-(706)590-7703
Crowch,Berni,86-(657)370-5670
Cundict,Emmy,967-(636)326-7816
Heine,Ellie,234-(379)367-1342
Normant,Upton,48-(933)570-2094
Le Strange,Adey,48-(265)210-7394
Ravenshear,Fina,55-(436)269-4006
Cranmor,Yasmin,7-(945)184-6023
Beardall,Ody,62-(265)908-2414
Laudham,Arabelle,7-(436)937-6717
McLoughlin,Haslett,62-(203)893-4617
Stickings,Marcella,57-(358)983-7734
MacLleese,Bernie,94-(619)324-1146
Jee,Melodie,355-(769)303-4430
Erridge,Aurea,7-(475)953-9649
Napoleon,Corene,33-(328)980-5604
Siccombe,Niles,86-(570)557-0741
Chotty,Cyb,505-(564)907-5668
Birchall,Ravid,86-(699)106-4014
Woolager,Esther,505-(346)609-9736
Zappel,Kathie,993-(992)347-5549
Mant,Helyn,31-(511)111-1867
Fortman,Erasmus,420-(453)789-7017
Hanster,Kiele,55-(837)411-8222
Desborough,Nelie,963-(139)266-5166
Fishburn,Marisa,593-(427)307-4713
Worwood,Callie,216-(206)399-7898
MacGhee,Sigvard,62-(298)171-7504
Harness,Saul,33-(313)790-3531
Blacker,Andee,36-(406)102-7055
Barlie,Doloritas,86-(267)729-9016
Folkard,Margalit,62-(201)943-2472
Tuma,Brennen,386-(603)348-2486
Abethell,Norrie,58-(510)157-3215
Brunsdon,Eduard,51-(645)652-6065
Guillet,Mano,92-(574)778-5452
Rustman,Binny,86-(246)200-8254
Radin,Emlen,86-(935)724-9770
Wade,Tuesday,267-(159)246-6888
Towersey,Cairistiona,386-(105)369-5032
Morrant,Wilow,380-(343)103-7474
Cardenoso,Ciel,967-(673)801-9063
Affron,Theodoric,86-(413)781-5999
Missington,Vivien,51-(693)532-3943
Tansill,Abbey,963-(378)667-9115
Fewell,Calley,52-(705)932-2169
Gregolotti,Salomon,86-(457)232-3075
Colnet,Drucill,86-(120)675-1205
Brundle,Olympia,7-(716)203-3057
Doring,Hadria,52-(736)358-0442
Preuvost,Melodie,86-(791)885-5717
Dixon,Opalina,1-(561)910-4006
Worvill,Maggi,55-(181)126-8112
Drinan,Winslow,63-(814)853-1866
Galgey,Brock,62-(927)283-1455
Stampe,Milena,1-(865)402-2658
Whitter,Bibbie,62-(240)972-4335
Bartusek,Dwight,33-(654)731-7552
Cuffley,Cissy,1-(430)554-2274
Cella,Sharron,63-(488)329-4830
Paten,Lisetta,86-(474)142-7478
Toop,Archaimbaud,48-(757)752-4544
Spivey,Umberto,86-(125)988-9839
Stubbins,Zelda,33-(610)393-9816
Petican,Phedra,353-(602)665-0669
Habbon,Boot,86-(273)225-8220
Chanson,Sisile,54-(898)450-3674
Staker,Cecilius,358-(938)379-0578
Hammarberg,Baxie,63-(467)322-8196
Bleckly,Dagmar,380-(777)870-9839
Woolmington,Cherise,220-(896)215-4037
Loudian,Adaline,51-(389)427-6694
Stickney,Genia,62-(761)338-1474
Scholfield,Lenette,351-(379)967-6803
Klich,Dawn,63-(621)933-1816
Deackes,Norris,62-(568)235-7166
Stripp,Nessie,994-(321)939-2395
Goldman,Katee,55-(508)356-5190
Horsell,Viki,503-(582)911-9664
Cuckson,Mattie,7-(818)767-8684
Hardey,Polly,62-(418)186-8293
Squibe,Clarette,62-(861)461-2697
Elders,Gabrila,63-(467)471-3463
Chasmoor,Cyndia,86-(109)250-1288
Grishakin,Alva,86-(281)964-0397
Hulmes,Jocelyne,216-(140)652-5435
Medmore,Hasty,504-(636)567-4954
Karadzas,Julia,351-(670)957-8487
Lippitt,Shayla,212-(617)736-7617
Domelaw,Sherri,86-(780)763-3003
McAughtrie,Catlin,351-(408)772-4783
Casillas,Rolfe,255-(975)916-3768
Starten,Shaun,7-(471)295-3243
Buterton,Tammy,51-(298)513-9936
Fowley,Aldric,961-(745)291-0538
Holdforth,Saloma,46-(980)535-0227
Haycock,Oralie,86-(637)441-7099
Shinton,Alphonso,62-(514)764-0604
Trahearn,Tann,967-(673)584-7569
Emes,Ray,86-(829)178-1026
Sieghart,Betsy,63-(101)724-5080
Brager,Gris,380-(165)404-7562
Hurton,Erika,381-(779)665-5285
Esel,Moira,30-(648)135-1341
Murr,Gay,84-(561)137-7379
Clunan,Gizela,7-(672)280-0258
Vanyatin,Brenn,1-(678)115-7684
McCloughen,Isobel,86-(557)898-0507
Marlen,Camey,54-(909)370-6020
Pavy,Codee,48-(815)559-7206
Gonnet,Jessie,62-(671)800-5782
Renneke,Allyce,353-(409)355-3005
MacEnelly,Stevana,86-(152)207-9700
McCauley,Dilly,420-(444)636-0335
Simonett,Feodora,46-(377)642-8061
Kwietek,Cristine,358-(169)674-6070
Wharfe,Arron,86-(387)722-8998
Zimmer,Sisile,970-(979)678-5267
Halden,Barbabra,63-(475)779-9300
Penniell,Ophelia,33-(299)970-4103
Cluitt,Susi,86-(283)830-8592
Brinsford,Ricard,374-(699)602-5905
Montes,Loraine,62-(783)882-2792
Webb,Abra,48-(570)559-4917
MacLise,Delia,509-(437)728-8663
Rosekilly,Louisa,386-(366)900-2388
Fink,Dorice,36-(103)798-4012
Eake,Samantha,86-(866)584-9128
Moseby,Darnell,86-(681)909-3156
Rown,Maurine,504-(311)698-2132
Trewett,Bebe,63-(748)316-6337
Hasson,Raddie,1-(584)743-5687
Cessford,Paten,62-(286)873-6025
Cawt,Alexis,66-(976)956-4033
Hayhurst,Silva,385-(103)396-5142
Darragh,Tore,351-(528)741-9344
Gobel,Talbert,351-(979)510-5127
Garnul,Reuben,386-(861)303-8045
Carbry,Blondelle,86-(454)963-6480
Bartolomeazzi,Siusan,380-(634)130-2025
Piggin,Shelly,62-(114)203-7381
Bussen,Shaylynn,683-(410)950-2128
Harly,Sheilah,1-(820)441-0220
Arrighini,Vallie,52-(485)916-9240
Maureen,Moss,62-(318)833-5472
Rossin,Binny,82-(716)682-4117
Stanyforth,Micah,261-(138)421-4283
Hemphill,Niko,353-(235)861-1554
Dowsey,Nickie,380-(798)890-0483
Haysom,Carin,27-(598)181-9273
Wrassell,Jimmie,46-(548)118-7148
Collington,Deny,20-(517)608-6292
Knibb,Nonna,359-(552)400-6578
Millbank,Annabell,351-(425)763-1645
Husby,Debbi,237-(891)982-8089
Pedron,Katherina,30-(329)966-8408
Dewey,Eleanore,55-(984)844-6101
Stoddard,Danie,352-(733)409-4065
Maren,Tedie,212-(267)851-3556
Kynett,Nadean,86-(210)965-3331
Zuan,Ancell,234-(998)308-9302
Marcombe,Cyrille,7-(188)554-7257
Mousley,Mac,358-(654)880-2556
Matterdace,Sher,389-(773)789-2137
Scattergood,Carrol,963-(623)338-6612
Bryden,Chaunce,86-(953)947-4086
Hasty,Salomi,60-(570)837-7792
Battison,Ronnie,81-(520)228-4191
Wooderson,Isacco,39-(596)733-5789
Awton,Blinni,81-(274)266-9560
Auckland,Maximilian,86-(729)270-7456
Sapir,Fabiano,33-(818)210-2195
Haldenby,Denys,62-(633)185-7477
Streetfield,Angie,1-(438)529-2290
Ben,Fifi,63-(845)460-1323
Nitto,Waldemar,240-(843)608-1556
Alvares,Wye,52-(810)618-9403
Kearle,Lacee,1-(713)661-9025
Scotchmore,Preston,86-(769)319-0495
Emilien,Blisse,86-(689)653-8388
Rouby,Jojo,62-(158)324-4948
Nottram,Kiersten,86-(187)459-6759
Saffon,Candy,86-(474)519-9599
Sainz,Dud,54-(501)698-9478
Rozenbaum,Greg,63-(465)496-9444
Deverell,Cello,86-(513)363-9314
Brawn,Fionna,370-(623)803-9780
Trawin,Eachelle,386-(533)875-8612
Ivannikov,Jecho,1-(744)524-2590
Dymock,Frazer,1-(605)401-2707
Haistwell,Hartley,81-(212)539-8045
Scarse,Hildagarde,385-(384)537-0832
Badrock,Boyd,420-(606)298-7467
Santhouse,Courtnay,48-(981)268-9595
Minker,Lissie,1-(850)250-9751
Grigaut,Tan,7-(774)543-9311
Woolpert,Valma,375-(360)191-0573
Costell,Ladonna,62-(734)653-7710
Guyton,Nicky,63-(267)563-7752
Aldin,Sharla,33-(319)146-2876
Imason,Edeline,62-(629)401-6207
Giacomo,Ralf,7-(128)873-9619
Tidcombe,Nelle,856-(885)818-4256
Jaeggi,Craig,86-(239)546-6797
Norrey,Jammal,7-(244)319-6821
Banker,Bathsheba,970-(671)888-8525
Cockell,Arlee,62-(353)369-8872
Aldine,Olympe,355-(207)763-9775
Halward,Debee,46-(121)950-6810
Dudley,Glen,7-(675)149-5968
Coil,Hedda,27-(797)100-8652
Beake,Kali,64-(565)441-7675
Creaven,Bent,86-(841)879-2062
Adamovicz,Chloe,30-(443)915-5775
Hannabus,Dieter,86-(236)658-3765
Blackaller,Benyamin,54-(611)339-6957
Flippelli,Mufinella,94-(208)397-1905
Bownd,Mandie,86-(329)407-4195
Menelaws,Lenore,62-(726)392-7234
Monni,Diannne,7-(508)191-7123
Caulder,Kristi,47-(308)208-3897
Coche,Minnaminnie,86-(713)223-8874
Armfirld,Norby,48-(173)972-4758
Tomaskunas,Dare,63-(845)427-4237
Harriskine,Annemarie,81-(104)535-2634
Venditti,Papagena,48-(569)524-7263
Etchell,Kellyann,380-(293)903-2383
Giacobini,Cynthea,81-(183)988-0501
Jasik,Solly,63-(176)282-8132
Ratke,Malva,86-(810)357-7517
Jikylls,Chaim,62-(565)341-5885
Chiles,Addison,1-(808)377-5373
Fenty,Georgi,62-(381)431-3669
Whiteson,Gabbi,86-(440)849-8324
Barends,Concordia,46-(442)968-0437
Dinis,Zelda,63-(745)174-7799
Ovington,Kinny,62-(453)668-1356
Paradin,Barbabas,62-(625)760-6449
Wiltshire,Aldwin,49-(697)620-1982
Tyler,Gloria,55-(302)731-6518
Yaxley,Lesley,27-(990)809-8273
Larn,Carter,420-(108)165-8776
Adamski,Skippie,51-(209)663-1736
Studart,Noel,86-(813)482-1467
Drakes,Grete,86-(784)628-7514
Ehrat,Beulah,86-(147)813-0306
Mayte,Mickie,62-(173)774-3799
Jacobsson,Ingunna,63-(213)445-6881
Koppeck,Ninnetta,86-(480)821-1204
Furness,Ruthi,992-(218)897-4444
Bugler,Kameko,62-(435)779-1539
Lovelady,Emmye,351-(823)800-7352
O'Cullen,Ferdy,7-(473)663-4750
Neubigging,Sophey,7-(817)993-3446
Plumley,Farra,48-(785)803-5185
Oldnall,Fredrick,251-(821)383-6574
Corkett,Angelo,36-(951)625-3856
Hemphall,Martita,86-(848)226-8644
Ollcott,Katti,504-(218)889-7860
Mellem,Meier,46-(742)201-6453
De Nisco,Sigismond,86-(840)418-3779
Tomaszek,Franciska,55-(270)489-7448
Cettell,Annis,504-(916)504-1969
Labb,Brena,86-(154)924-3514
Merck,Riva,86-(274)269-0628
Lawton,Zacharia,84-(398)356-7673
Cordey,Rafi,33-(595)168-2272
Bodycote,Enriqueta,7-(107)427-8967
Oultram,Bel,98-(254)989-3336
Hunt,Allistir,51-(713)103-6565
Bleakley,Olive,54-(535)343-4665
Ribchester,Morgen,55-(694)877-0035
Barwis,Gothart,55-(292)611-2078
Bareford,Creight,27-(327)174-6840
Ference,Elysee,81-(876)521-0998
Eustis,Jarid,267-(317)751-5030
Iacovo,Nadia,1-(816)286-8886
Dumbell,Stavro,7-(626)253-7328
Steart,Rick,1-(615)779-3435
Tregea,Alissa,355-(649)604-6607
Attenbrow,Wheeler,62-(695)884-5644
Burnside,Friedrick,55-(494)360-6858
Mattam,Rozalie,1-(480)539-3598
Hingeley,Farra,504-(441)713-0021
Stoggles,Loree,86-(596)393-7361
Rebert,Sheila-kathryn,86-(811)676-9229
Dionisi,Doug,66-(204)946-6910
Jakobssen,Candide,1-(212)129-1676
Standall,Coleen,374-(264)434-7415
Petris,Odelle,34-(817)298-0869
Merchant,Calida,63-(615)364-9633
Baldung,Emmi,62-(906)514-5318
Yurikov,Lincoln,62-(941)722-1016
Davidowich,Estele,52-(278)931-1342
Bugdale,Maure,98-(280)430-9743
Crush,Brena,7-(794)983-5142
Rubery,Wesley,86-(146)668-0436
Gianiello,Sarine,46-(634)258-7387
Parrington,Letizia,31-(471)275-6814
Stuchbery,Genni,63-(535)720-1912
Manwaring,Marj,370-(385)734-8946
Ransom,Marty,86-(151)507-6757
Pennick,Gussie,355-(152)702-9880
Prynne,Cooper,86-(881)785-2615
Portman,Hamish,880-(960)979-6249
Biaggi,Cleo,52-(144)207-1867
Barta,Ruth,82-(304)440-5623
Stapford,Barnie,86-(614)934-6143
Finneran,Jeana,372-(926)348-5949
Baltzar,Ettore,86-(457)462-2325
Trumble,Heywood,86-(686)587-7784
Blackey,Christan,62-(541)871-4084
Childs,Jason,963-(775)342-9329
Colmer,Harris,86-(140)316-4791
Seiter,Betsy,55-(690)724-7154
Doxey,Claresta,62-(117)913-2547
Andryszczak,Mervin,1-(433)755-4682
Seedman,Idalina,86-(778)666-9718
Tomisch,Correy,255-(946)596-2695
Mithan,Karyn,963-(654)836-4876
MacDermand,Tyne,967-(581)965-0150
Coultish,Jonie,598-(519)525-0292
Deshon,Kandy,212-(496)471-2727
Hightown,Nahum,86-(937)510-4144
Leeds,Julia,81-(943)932-0913
Lanchbery,Rodney,86-(852)702-7312
Jahnig,Victoria,86-(753)194-2230
Tallboy,Atalanta,62-(984)530-1796
Dodgshon,Elwin,351-(351)678-5286
Dovinson,Deane,66-(499)134-2250
Carlisi,Arv,58-(705)494-4904
Sebright,Nedi,86-(611)836-9717
Klimontovich,Gerhardine,62-(420)721-9277
Simioli,Hal,52-(810)796-6569
Weller,Sandra,33-(304)189-0192
Catmull,Gabriel,55-(125)853-2550
Chislett,Arline,51-(125)453-5431
Bellini,Conrad,351-(429)358-7721
Udey,Granville,46-(543)122-3613
Pritchett,Dagmar,1-(202)944-7058
Sambath,Berkly,970-(969)646-1859
Matveiko,Bronny,269-(871)628-8131
Larciere,Ursala,7-(865)795-2700
Devlin,Abdel,383-(656)956-6382
Croneen,Tuckie,1-(961)281-8777
Horbath,Ennis,230-(178)639-1618
Bidwell,Philipa,54-(399)699-5421
O'Corrane,Peirce,86-(686)949-9241
McAuslene,Ilario,7-(457)607-2535
Maudson,Cyril,216-(691)847-4490
Belfitt,Stacy,7-(580)640-2982
Vidgen,Cami,234-(921)291-0068
Serris,Kevyn,86-(255)366-9198
Davidge,Babbie,48-(379)535-1406
Dullard,Wendell,420-(656)140-5470
Mayte,Parker,55-(795)965-7579
Annice,Grazia,27-(765)558-2069
Deavall,Dulcea,7-(140)558-6608
Archibald,Dan,351-(969)158-5679
Myrtle,Dickie,33-(263)602-8894
Boggers,Fran,86-(124)164-7303
Dewane,Dalston,86-(374)566-9014
Couvert,Erroll,63-(347)503-7368
Colrein,Ambrosius,57-(968)898-2034
Fanthome,Darrelle,7-(655)111-5386
Gerram,Leah,1-(817)328-8390
Ropkins,Carolin,86-(837)799-2542
Launder,Tobye,86-(125)205-7201
Whybray,Saunderson,62-(842)386-5665
Speak,Dalli,62-(692)246-3771
Pinnington,Bridgette,255-(949)773-3811
Donat,Barret,380-(678)160-4020
Blench,Opaline,46-(441)376-4632
Ogelbe,Kassey,251-(163)266-1237
Mapowder,Fernanda,7-(958)120-3359
Summerscales,Zarah,7-(523)980-0364
Siveter,Appolonia,976-(447)343-9706
Madoc-Jones,Tildie,86-(165)549-4770
Chatelot,Addie,55-(253)116-5583
Upcott,Edy,63-(765)741-5726
Alywen,Jehu,381-(390)704-3402
Harnes,Neddy,351-(548)428-3672
Froome,Guntar,27-(495)173-5472
Sore,Nanny,359-(925)325-4795
McNally,Carolin,31-(441)932-5440
McKechnie,Kathye,7-(565)218-3847
Galiero,Alica,972-(238)487-5962
Mongenot,Sheilakathryn,53-(251)275-3088
McGloughlin,Harris,380-(507)366-1291
Momery,Brandy,55-(820)130-6338
Elger,Itch,86-(503)371-4496
Golsthorp,Joellen,86-(919)733-6505
Leport,Melicent,30-(868)155-7925
O'Currine,Derek,63-(994)718-8207
Cases,Sandro,86-(925)594-6074
Terrill,Raymund,86-(320)302-4016
O'Sheerin,Ax,86-(729)665-4305
Sabathe,Nert,62-(637)805-6490
Foxton,Michael,62-(297)514-7253
Tollow,Kylen,63-(116)273-7764
Hubbard,Valina,351-(135)294-3960
Scantlebury,Nye,1-(303)435-2008
Coate,Stormi,62-(336)487-8897
Sitch,Nat,81-(899)554-5775
Balden,Hans,86-(881)745-7689
Hayes,Effie,55-(609)727-3540
Postlewhite,Lazarus,420-(939)650-4342
Robeson,Eddy,55-(735)278-6719
Borrill,Trey,48-(868)450-5583
Panniers,Wright,31-(554)285-2815
McGahey,Genny,55-(982)998-8433
Brookfield,Vanni,86-(676)879-4867
Laden,Jolene,62-(662)851-7544
Barbera,Colman,55-(766)434-8363
Cocke,Frederik,976-(480)735-2201
Buckingham,Horace,66-(760)952-1070
Verity,Deny,1-(856)357-4231
Britner,Franni,86-(983)677-0906
Votier,Randene,420-(108)801-5988
Cowmeadow,Lisha,62-(408)999-6578
Broxholme,Minni,351-(631)607-3706
Ellington,Myrilla,7-(477)155-2266
Mellmer,Mariann,48-(414)868-9076
Sandbatch,Avery,86-(329)801-2901
Extil,Rory,970-(326)396-0782
Cubbon,Theresita,7-(415)823-6059
De Rye Barrett,Iorgo,86-(683)619-1238
Fairholme,Jacynth,33-(139)199-1289
Lindup,Natty,63-(191)759-7516
Simmons,Dane,30-(103)686-4027
Lamden,Godard,86-(367)651-4980
Shoutt,Gerardo,54-(683)137-6519
Suff,Granny,62-(721)739-0753
MacTurlough,Tomasina,227-(520)565-7444
Vedntyev,Ingeberg,254-(403)834-4180
Nicklen,Dannel,233-(854)805-0245
Venditto,Filberte,420-(580)219-1552
Chapling,Lanie,86-(871)815-1228
Bourget,Roderigo,55-(384)617-8958
Ryland,Donna,86-(145)126-1091
Giovannelli,Rand,92-(877)858-5849
Hibbart,Nolly,33-(325)744-4037
Wrenn,Teodora,963-(140)642-1098
Canter,Dicky,86-(978)782-0108
Lindenbaum,Kimberley,86-(362)430-9598
Dunsleve,Vernor,595-(164)233-2045
Rickis,Gwenora,86-(809)975-0794
Canniffe,Hermon,84-(233)178-2942
Noods,Josephine,375-(183)610-8171
Brisley,Jodie,63-(104)645-5588
Radsdale,Gaultiero,66-(306)480-9002
Ollarenshaw,Tandy,62-(549)697-6209
Camplen,Paule,86-(914)139-5404
Van De Cappelle,Sloan,86-(920)465-2553
Ferrillo,Lorry,86-(146)713-5319
Todhunter,Carlynn,509-(369)372-1004
Wallbutton,Clementina,62-(952)734-0330
Dunican,Charlene,63-(245)225-1959
Millery,Garrot,55-(919)109-7276
Piris,Dorita,242-(975)233-5355
Galsworthy,Darryl,238-(275)361-6677
Danzig,Vyky,86-(986)735-0182
Rawcliffe,Lindsy,86-(339)689-9364
Adenet,Bea,54-(379)538-3294
Pool,Les,63-(395)844-1542
Berr,Ted,63-(226)632-1310
Warnock,Nessi,7-(688)672-1137
Immings,Teddy,86-(313)233-1553
Dady,Mela,62-(965)223-9195
Igounet,Udell,51-(850)236-1606
Atger,Eleanore,62-(204)874-5965
Tuma,Ellette,385-(285)895-8425
Hadlington,Aleta,1-(900)805-2654
McClements,Ben,7-(467)364-7317
Dungee,Fianna,1-(253)944-2310
Paireman,Yulma,81-(702)731-7369
Coryndon,Kory,63-(347)596-4033
Cottill,Carl,62-(592)662-5622
Karpmann,Gabie,380-(889)697-0727
Rome,Marjorie,237-(988)779-5515
Saura,Antonino,54-(965)169-4152
Prin,Linea,33-(517)667-9717
Bruneau,Thorstein,86-(359)399-6060
Ditchett,Betteann,227-(306)726-0749
Dewsnap,Aylmar,351-(906)882-0834
Plevey,Tony,963-(842)594-7133
Donhardt,Ofella,62-(184)769-1665
Tansey,Hilarius,963-(398)848-0380
Counihan,Eduard,30-(704)899-3369
Gianuzzi,Kris,994-(455)355-8465
Bullerwell,Say,86-(919)474-3695
Dabrowski,Verge,86-(792)863-7413
Binne,Fredrika,380-(206)619-3096
Gotobed,Dennis,7-(141)136-9518
Rutherfoord,Tremayne,52-(106)814-1122
Bath,Mohandas,358-(859)557-6079
Aldridge,Farand,380-(212)521-9770
Cossey,Nathanial,1-(754)856-0516
Bigglestone,Rivy,375-(287)711-9887
Boddy,Price,86-(706)733-5833
Lampe,Terri-jo,356-(227)206-6098
Stanbrooke,Mycah,7-(604)398-6091
Colkett,Ted,33-(935)313-7894
Armer,Rosabelle,7-(781)133-6929
Timothy,Niki,66-(775)997-2876
McEnteggart,Stavro,86-(805)550-7259
Barritt,Morry,380-(778)391-7176
